Team,Wins,Losses,Goals,Total Yellow Cards,Total Red Cards,Total Scoring Attacks,Scoring On Target Attacks,No. Times Woodwork Hit,Headed Goals,Penalty Goals,Freekick Goals,In The Box Goals,Outside Box Goals,Goals from Counter Attacks,Total Offsides,Clean Sheets,Goals Conceded,Outfielder Blocks,Interceptions,Total Tackles,Last Man Tackles,Total Clearances,Own Goals,Penalties Conceded,Penalty Goals Conceded,Total Passes,Total Long Balls,Total Crosses,Corners Taken,Touches,Clearances Off The Line,Penalty Saves,Total High Claims By Goalkeeper,Total Punches By Goalkeepers,Season
Manchester City,27.0,6.0,102.0,72.0,1.0,673.0,238.0,19.0,10.0,6.0,5.0,86.0,16.0,5.0,59.0,16.0,37.0,61.0,496.0,756.0,8.0,938.0,2.0,1.0,1.0,20761.0,1791.0,892.0,283.0,28341.0,0.0,0.0,64.0,31.0,2013-2014
Liverpool,26.0,6.0,101.0,54.0,1.0,651.0,258.0,27.0,14.0,10.0,6.0,82.0,19.0,9.0,78.0,10.0,50.0,127.0,465.0,848.0,3.0,1339.0,6.0,4.0,3.0,19599.0,1895.0,643.0,224.0,28172.0,5.0,1.0,36.0,29.0,2013-2014
Chelsea,25.0,6.0,71.0,57.0,3.0,692.0,229.0,19.0,6.0,5.0,2.0,54.0,17.0,5.0,106.0,18.0,27.0,95.0,380.0,733.0,4.0,1141.0,2.0,1.0,1.0,18266.0,2052.0,809.0,248.0,26541.0,2.0,0.0,42.0,16.0,2013-2014
Arsenal,24.0,7.0,68.0,53.0,4.0,523.0,213.0,15.0,12.0,3.0,0.0,63.0,5.0,4.0,74.0,17.0,41.0,101.0,541.0,714.0,14.0,1207.0,2.0,6.0,5.0,21561.0,1799.0,753.0,210.0,29825.0,3.0,1.0,70.0,27.0,2013-2014
Everton,21.0,8.0,61.0,55.0,1.0,561.0,196.0,14.0,6.0,3.0,5.0,49.0,12.0,3.0,80.0,15.0,39.0,130.0,463.0,744.0,9.0,1103.0,4.0,6.0,3.0,18301.0,2239.0,848.0,251.0,26857.0,2.0,2.0,59.0,14.0,2013-2014
Tottenham Hotspur,21.0,11.0,55.0,66.0,4.0,588.0,192.0,12.0,6.0,5.0,2.0,45.0,10.0,4.0,64.0,14.0,51.0,81.0,560.0,750.0,4.0,974.0,3.0,5.0,3.0,17933.0,2121.0,849.0,230.0,26241.0,3.0,1.0,41.0,38.0,2013-2014
Manchester United,19.0,12.0,64.0,66.0,3.0,526.0,183.0,16.0,10.0,5.0,5.0,53.0,11.0,1.0,97.0,13.0,43.0,108.0,595.0,676.0,4.0,1382.0,1.0,4.0,3.0,18894.0,2077.0,1000.0,216.0,27367.0,1.0,0.0,32.0,14.0,2013-2014
Newcastle United,15.0,19.0,43.0,53.0,6.0,579.0,182.0,14.0,8.0,2.0,1.0,35.0,8.0,3.0,78.0,10.0,59.0,101.0,601.0,736.0,15.0,1110.0,1.0,5.0,5.0,16087.0,1810.0,787.0,190.0,24484.0,4.0,0.0,51.0,21.0,2013-2014
Southampton,15.0,12.0,54.0,60.0,0.0,534.0,179.0,16.0,10.0,3.0,2.0,46.0,8.0,2.0,97.0,15.0,46.0,66.0,528.0,805.0,6.0,1201.0,1.0,3.0,3.0,19577.0,2401.0,877.0,210.0,28030.0,1.0,0.0,50.0,18.0,2013-2014
Crystal Palace,13.0,19.0,33.0,58.0,2.0,414.0,143.0,9.0,6.0,5.0,1.0,28.0,5.0,2.0,71.0,12.0,48.0,139.0,695.0,845.0,7.0,1409.0,2.0,6.0,6.0,11792.0,1904.0,706.0,172.0,20309.0,4.0,0.0,81.0,8.0,2013-2014
Stoke City,13.0,14.0,45.0,72.0,5.0,428.0,137.0,14.0,2.0,4.0,2.0,31.0,14.0,3.0,81.0,9.0,52.0,153.0,474.0,791.0,5.0,1090.0,1.0,7.0,5.0,15324.0,1970.0,731.0,164.0,23324.0,2.0,2.0,84.0,17.0,2013-2014
Swansea City,11.0,18.0,54.0,55.0,3.0,496.0,161.0,7.0,9.0,4.0,0.0,45.0,9.0,0.0,76.0,8.0,54.0,117.0,644.0,674.0,7.0,1083.0,1.0,4.0,4.0,21113.0,2126.0,902.0,226.0,29158.0,6.0,0.0,45.0,20.0,2013-2014
West Ham United,11.0,20.0,40.0,62.0,5.0,422.0,122.0,11.0,5.0,2.0,1.0,36.0,4.0,2.0,76.0,14.0,51.0,199.0,404.0,651.0,12.0,1401.0,1.0,6.0,6.0,12364.0,2061.0,951.0,185.0,20511.0,8.0,0.0,54.0,9.0,2013-2014
Aston Villa,10.0,20.0,39.0,78.0,0.0,431.0,135.0,11.0,10.0,2.0,3.0,33.0,6.0,4.0,84.0,9.0,61.0,126.0,460.0,747.0,4.0,1068.0,4.0,6.0,5.0,13856.0,2298.0,749.0,163.0,21453.0,3.0,1.0,102.0,15.0,2013-2014
Hull City,10.0,21.0,38.0,53.0,4.0,427.0,132.0,16.0,10.0,2.0,1.0,30.0,8.0,2.0,86.0,10.0,53.0,146.0,616.0,723.0,4.0,1048.0,2.0,4.0,3.0,15267.0,2181.0,853.0,160.0,22985.0,6.0,1.0,24.0,24.0,2013-2014
Sunderland,10.0,20.0,41.0,69.0,7.0,491.0,138.0,10.0,7.0,6.0,1.0,37.0,4.0,4.0,70.0,11.0,60.0,144.0,414.0,702.0,2.0,903.0,6.0,2.0,2.0,14457.0,2092.0,749.0,188.0,21922.0,3.0,0.0,71.0,20.0,2013-2014
Fulham,9.0,24.0,40.0,58.0,1.0,431.0,149.0,11.0,7.0,2.0,1.0,31.0,9.0,1.0,86.0,5.0,85.0,182.0,499.0,702.0,4.0,1351.0,5.0,4.0,4.0,14674.0,2180.0,708.0,194.0,22771.0,12.0,0.0,71.0,21.0,2013-2014
Norwich City,8.0,21.0,28.0,62.0,2.0,467.0,148.0,15.0,7.0,1.0,1.0,19.0,9.0,1.0,48.0,12.0,62.0,154.0,529.0,675.0,4.0,1071.0,3.0,4.0,4.0,14747.0,2105.0,818.0,197.0,22570.0,10.0,0.0,72.0,11.0,2013-2014
Cardiff City,7.0,22.0,32.0,49.0,1.0,418.0,124.0,10.0,9.0,1.0,0.0,28.0,4.0,0.0,81.0,7.0,74.0,178.0,491.0,619.0,4.0,1268.0,0.0,2.0,2.0,14007.0,2047.0,792.0,196.0,22018.0,5.0,0.0,59.0,13.0,2013-2014
West Bromwich Albion,7.0,16.0,43.0,67.0,0.0,487.0,146.0,6.0,6.0,2.0,0.0,35.0,8.0,1.0,91.0,7.0,59.0,125.0,595.0,701.0,1.0,1176.0,2.0,7.0,5.0,14704.0,1942.0,834.0,187.0,22866.0,0.0,2.0,65.0,14.0,2013-2014
